dataset,station,sim,template,peak_date,peak_time,peak_corr,snr_linear,snr_db,threshold_used,duration_s,event_dt,matched_arrival_dt,match_delta_s
ingv,ECPN,sim2,template1,2022-11-24,00:23:18,0.5308157619675903,0.8449476059805124,-1.4634044041781982,0.5,,2022-11-24 00:23:18,2022-11-24 00:30:45.858802,-447.858802
ingv,ECPN,sim2,template1,2022-11-24,04:15:22,0.5386523540793486,1.1602749066208964,1.2912179963254633,0.5,,2022-11-24 04:15:22,2022-11-24 04:22:35.886143,-433.886143
ingv,EC1,sim3,template1,2022-11-25,11:25:14,0.5699996876658661,1.0242339212532787,0.2079830997423262,0.5,,2022-11-25 11:25:14,2022-11-25 11:15:14.135279,599.864721
ingv,ECPN,sim1,template2,2022-11-27,14:01:09,0.5157478318134473,0.7286488140446798,-2.7496347524635034,0.5,,2022-11-27 14:01:09,2022-11-27 13:52:11.825867,537.174133
ingv,ECPN,sim2,template2,2022-11-29,00:55:26,0.5000096997185023,1.091806565051843,0.7629140279611629,0.5,,2022-11-29 00:55:26,2022-11-29 00:46:00.856154,565.143846
ingv,ECPN,sim3,template1,2022-12-05,05:57:42,0.555149583060085,1.1400156029126918,1.138215907650707,0.5,,2022-12-05 05:57:42,2022-12-05 05:49:36.084330,485.91567
ingv,ECPN,sim4,template1,2022-12-05,08:57:43,0.5397035091841119,1.3517794094860989,2.618116538337208,0.5,,2022-12-05 08:57:43,2022-12-05 08:48:58.539729,524.460271
ingv,ECPN,sim3,template1,2022-12-05,13:03:25,0.6334939248113218,0.8958767960470397,-0.955034237024614,0.5,,2022-12-05 13:03:25,2022-12-05 12:55:38.919486,466.080514
ingv,ECPN,sim2,template1,2022-12-09,20:08:06,0.5677209155319909,0.7239122590902253,-2.8062813750106,0.5,,2022-12-09 20:08:06,2022-12-09 19:59:45.226528,500.773472
ingv,ECPN,sim4,template2,2022-12-10,19:21:36,0.5288459091290557,0.9144003936397868,-0.7772719130702256,0.5,,2022-12-10 19:21:36,2022-12-10 19:28:41.254882,-425.254882
ingv,ECPN,sim3,template2,2022-12-10,19:36:41,0.5322531905116713,0.9192394385088536,-0.7314270240947046,0.5,,2022-12-10 19:36:41,2022-12-10 19:28:41.254882,479.745118
ingv,EC1,sim4,template3,2022-12-11,11:15:15,0.5094412949560783,0.991757584753282,-0.071889388966312,0.5,,2022-12-11 11:15:15,2022-12-11 11:22:34.028850,-439.02885
ingv,ECPN,sim2,template3,2022-12-15,21:24:08,0.510197914914787,0.695934379955202,-3.1486341666072053,0.5,,2022-12-15 21:24:08,2022-12-15 21:32:17.061370,-489.06137
ingv,EC1,sim1,template3,2022-12-18,04:45:42,0.521162588837852,0.9459202633021274,-0.4829094213804486,0.5,,2022-12-18 04:45:42,2022-12-18 04:37:33.726378,488.273622
ingv,ECPN,sim4,template2,2022-12-18,10:37:48,0.5448029094915293,2.127787155779044,6.558563659548666,0.5,,2022-12-18 10:37:48,2022-12-18 10:46:32.417830,-524.41783
ingv,ECPN,sim3,template2,2022-12-18,10:38:39,0.5751914372399006,2.1472078405338766,6.63748168637987,0.5,,2022-12-18 10:38:39,2022-12-18 10:46:32.417830,-473.41783
ingv,ECPN,sim2,template2,2022-12-18,22:23:23,0.5265831357173858,0.8092780098023942,-1.8380452072540407,0.5,,2022-12-18 22:23:23,2022-12-18 22:14:49.441959,513.558041
ingv,ECPN,sim4,template1,2022-12-20,15:45:05,0.5937417324610931,1.1652090825397603,1.3280772239105048,0.5,,2022-12-20 15:45:05,2022-12-20 15:37:52.254628,432.745372
ingv,EC1,sim2,template1,2022-12-22,00:34:52,0.5176321539080478,0.9633080524811772,-0.3246961869160838,0.5,,2022-12-22 00:34:52,2022-12-22 00:44:16.736926,-564.736926
ingv,ECPN,sim4,template2,2022-12-23,19:25:40,0.5966947761899518,0.8367956488587535,-1.5476117340089233,0.5,,2022-12-23 19:25:40,2022-12-23 19:16:49.698800,530.3012
ingv,ECPN,sim3,template2,2022-12-23,19:26:56,0.5646336205815685,0.8451289100219277,-1.461540835415721,0.5,,2022-12-23 19:26:56,2022-12-23 19:36:52.700680,-596.70068
ingv,ECPN,sim4,template2,2022-12-24,19:35:07,0.5642952594076326,1.1686992929283704,1.35405562577607,0.5,,2022-12-24 19:35:07,2022-12-24 19:25:28.037884,578.962116
ingv,ECPN,sim4,template3,2022-12-27,13:15:06,0.5312704815045648,1.4033278550094486,2.9431829143323185,0.5,,2022-12-27 13:15:06,2022-12-27 13:06:43.719723,502.280277
ingv,ECPN,sim3,template1,2022-12-28,05:46:36,0.5279675773636235,1.1035226402418177,0.8556249544161123,0.5,,2022-12-28 05:46:36,2022-12-28 05:38:29.964966,486.035034
ingv,EC1,sim3,template2,2022-12-28,12:04:52,0.5024231905986472,1.021491956177411,0.184699021884878,0.5,,2022-12-28 12:04:52,2022-12-28 11:57:34.543986,437.456014
ingv,ECPN,sim4,template3,2022-12-30,00:48:31,0.5489612029549781,0.935711631997195,-0.5771594339586756,0.5,,2022-12-30 00:48:31,2022-12-30 00:41:11.662120,439.33788
ingv,ECPN,sim3,template3,2022-12-30,01:05:03,0.54571124423258,0.9101541902540838,-0.8177005425018663,0.5,,2022-12-30 01:05:03,2022-12-30 00:56:43.792224,499.207776
ingv,ECPN,sim4,template2,2022-12-30,01:48:39,0.5248206825802465,0.8769890689963806,-1.140116395031277,0.5,,2022-12-30 01:48:39,2022-12-30 01:41:27.813802,431.186198
ingv,EC1,sim4,template2,2023-01-01,09:38:34,0.5020803572237577,1.0442243820940484,0.375876590849186,0.5,,2023-01-01 09:38:34,2023-01-01 09:29:18.989953,555.010047
ingv,ECPN,sim4,template2,2023-01-03,15:04:50,0.5814392381043015,1.1707723795466802,1.3694493631756557,0.5,,2023-01-03 15:04:50,2023-01-03 14:57:35.650498,434.349502
ingv,ECPN,sim3,template2,2023-01-03,15:05:56,0.5356912130254073,1.1735000105470923,1.3896619567585944,0.5,,2023-01-03 15:05:56,2023-01-03 14:57:35.650498,500.349502
ingv,ECPN,sim4,template1,2023-01-03,23:21:19,0.5040969809921259,0.8978584808191834,-0.9358422163812052,0.5,,2023-01-03 23:21:19,2023-01-03 23:14:14.631711,424.368289
ingv,ECPN,sim4,template2,2023-01-05,07:13:57,0.525514466600724,1.069179705372452,0.5810141320976641,0.5,,2023-01-05 07:13:57,2023-01-05 07:22:42.482393,-525.482393
ingv,ECPN,sim3,template2,2023-01-05,07:14:48,0.5336445051911552,1.063230276380611,0.532546700262681,0.5,,2023-01-05 07:14:48,2023-01-05 07:22:42.482393,-474.482393
ingv,ECPN,sim4,template3,2023-01-06,21:50:35,0.5071152565388113,0.9184305183378716,-0.7390738724950786,0.5,,2023-01-06 21:50:35,2023-01-06 22:00:08.166487,-573.166487
ingv,ECPN,sim3,template1,2023-01-06,23:37:24,0.5278579269707694,1.154181087658596,1.2454790741573598,0.5,,2023-01-06 23:37:24,2023-01-06 23:28:26.370263,537.629737
ingv,ECPN,sim2,template3,2023-01-10,13:59:44,0.5881789723815692,1.04486264970348,0.3811840980072811,0.5,,2023-01-10 13:59:44,2023-01-10 13:51:12.598061,511.401939
ingv,ECPN,sim2,template1,2023-01-11,23:13:38,0.5409533196230486,1.048031279981735,0.4074848995330095,0.5,,2023-01-11 23:13:38,2023-01-11 23:23:37.637668,-599.637668
ingv,ECPN,sim3,template3,2023-01-12,08:08:41,0.6541046337443752,1.3808781871131235,2.8031073876782555,0.5,,2023-01-12 08:08:41,2023-01-12 08:00:58.383634,462.616366
ingv,ECPN,sim4,template3,2023-01-12,08:10:55,0.5426545695472371,1.3670825791289705,2.715894981580756,0.5,,2023-01-12 08:10:55,2023-01-12 08:00:58.383634,596.616366
ingv,ECPN,sim4,template1,2023-01-14,05:50:43,0.5457174241069186,1.025923971750313,0.2223035532793849,0.5,,2023-01-14 05:50:43,2023-01-14 05:42:42.889901,480.110099
ingv,ECPN,sim4,template3,2023-01-15,17:30:17,0.5593836215344632,1.1152613513473189,0.9475330453999946,0.5,,2023-01-15 17:30:17,2023-01-15 17:23:03.278649,433.721351
ingv,EC1,sim4,template1,2023-01-21,09:34:55,0.5083878618262585,0.7535750309831749,-2.4574699985147044,0.5,,2023-01-21 09:34:55,2023-01-21 09:43:44.196207,-529.196207
ingv,ECPN,sim4,template1,2023-01-22,00:30:00,0.5058282964959542,1.1076762099917958,0.8882565658891572,0.5,,2023-01-22 00:30:00,2023-01-22 00:39:53.508786,-593.508786
ingv,EC1,sim4,template1,2023-01-22,14:31:26,0.6508222811841,2.0864706154445467,6.388245455144355,0.5,,2023-01-22 14:31:26,2023-01-22 14:22:07.899161,558.100839
ingv,EC1,sim4,template3,2023-01-22,15:22:27,0.5321807912475166,1.964672030644772,5.865801250268103,0.5,,2023-01-22 15:22:27,2023-01-22 15:29:47.427736,-440.427736
ingv,ECPN,sim2,template1,2023-01-24,21:12:59,0.5059441692125879,1.2048103996766328,1.618374152276636,0.5,,2023-01-24 21:12:59,2023-01-24 21:21:50.714427,-531.714427
ingv,ECPN,sim3,template3,2023-01-25,04:50:04,0.536475191271904,0.8938147026891748,-0.9750501149215528,0.5,,2023-01-25 04:50:04,2023-01-25 04:58:42.999146,-518.999146
ingv,ECPN,sim3,template2,2023-01-25,06:59:25,0.5010289640716865,1.123694491254276,1.0129650360958624,0.5,,2023-01-25 06:59:25,2023-01-25 07:09:14.742574,-589.742574
ingv,ECPN,sim4,template3,2023-01-26,06:17:20,0.5405696537102789,0.972044610476463,-0.246276066923389,0.5,,2023-01-26 06:17:20,2023-01-26 06:10:15.430294,424.569706
ingv,ECPN,sim4,template2,2023-01-26,13:28:45,0.5939192334849349,1.0850908948764146,0.7093223856237884,0.5,,2023-01-26 13:28:45,2023-01-26 13:37:20.412820,-515.41282
ingv,ECPN,sim3,template2,2023-01-26,13:29:49,0.5485529858196634,1.0834845303100769,0.6964542992924276,0.5,,2023-01-26 13:29:49,2023-01-26 13:37:20.412820,-451.41282
ingv,EC1,sim2,template3,2023-01-28,10:07:19,0.5740615770932058,0.9389790464517044,-0.5468819802780971,0.5,,2023-01-28 10:07:19,2023-01-28 09:57:58.816453,560.183547
ingv,ECPN,sim2,template1,2023-01-30,23:56:38,0.6389075846498129,0.489788911464486,-6.199821025479581,0.5,,2023-01-30 23:56:38,2023-01-31 00:04:25.370060,-467.37006
ingv,EC1,sim2,template1,2023-01-30,23:57:21,0.5585097685905006,0.0824924846684283,-21.671712305535102,0.5,,2023-01-30 23:57:21,2023-01-31 00:04:25.370060,-424.37006
ingv,EC1,sim1,template3,2023-01-31,01:43:12,0.5262462397438579,0.0784995458338917,-22.10265711793705,0.5,,2023-01-31 01:43:12,2023-01-31 01:35:08.801295,483.198705
ingv,ECPN,sim2,template2,2023-01-31,01:44:15,0.6422277110371278,0.9952567204992732,-0.0412976229627803,0.5,,2023-01-31 01:44:15,2023-01-31 01:35:08.801295,546.198705
ingv,ECPN,sim4,template2,2023-01-31,13:24:52,0.5554966726115478,1.0837348230354868,0.6984605705971124,0.5,,2023-01-31 13:24:52,2023-01-31 13:32:30.928382,-458.928382
ingv,ECPN,sim3,template2,2023-01-31,13:39:59,0.567371867322993,1.0798974034358528,0.6676499386612571,0.5,,2023-01-31 13:39:59,2023-01-31 13:32:30.928382,448.071618
ingv,EC1,sim3,template2,2023-02-01,00:03:25,0.5198887588202731,1.2809375602329935,2.150559208364897,0.5,,2023-02-01 00:03:25,2023-02-01 00:12:14.712669,-529.712669
ingv,ECPN,sim4,template1,2023-02-03,13:20:56,0.5260207969949764,0.9057583006961508,-0.8597535448745142,0.5,,2023-02-03 13:20:56,2023-02-03 13:13:16.274988,459.725012
ingv,ECPN,sim4,template3,2023-02-03,14:16:02,0.6097129141238866,1.1166650480755826,0.9584584562716734,0.5,,2023-02-03 14:16:02,2023-02-03 14:08:31.796613,450.203387
ingv,ECPN,sim3,template1,2023-02-03,23:03:50,0.5061109540373422,0.7825403391734087,-2.1298653151481663,0.5,,2023-02-03 23:03:50,2023-02-03 23:13:30.191623,-580.191623
ingv,ECPN,sim3,template3,2023-02-03,23:44:09,0.5000678233889511,0.7822236269738785,-2.1333814074269104,0.5,,2023-02-03 23:44:09,2023-02-03 23:35:12.936521,536.063479
ingv,ECPN,sim4,template3,2023-02-04,23:38:06,0.5699697042367136,0.9656792351124128,-0.3033421415548945,0.5,,2023-02-04 23:38:06,2023-02-04 23:29:14.149527,531.850473
ingv,ECPN,sim4,template3,2023-02-08,01:46:32,0.5236817282856366,0.9534043488691382,-0.4144574281761449,0.5,,2023-02-08 01:46:32,2023-02-08 01:55:50.336759,-558.336759
ingv,ECPN,sim4,template3,2023-02-11,00:45:34,0.5122873836619364,0.9894832756741552,-0.0918308375157189,0.5,,2023-02-11 00:45:34,2023-02-11 00:53:00.620103,-446.620103
ingv,ECPN,sim3,template2,2023-02-13,21:17:24,0.5479298277880668,0.943598238540137,-0.5042575700784109,0.5,,2023-02-13 21:17:24,2023-02-13 21:26:10.400410,-526.40041
ingv,ECPN,sim4,template3,2023-02-15,05:25:39,0.5841585617005851,1.1041599630402057,0.8606399104937396,0.5,,2023-02-15 05:25:39,2023-02-15 05:34:29.680596,-530.680596
ingv,ECPN,sim3,template3,2023-02-15,05:27:24,0.5129643532677689,1.1303852457359946,1.064529605662488,0.5,,2023-02-15 05:27:24,2023-02-15 05:34:29.680596,-425.680596
ingv,ECPN,sim4,template2,2023-02-16,03:09:24,0.5608479394918632,1.0579987136294644,0.4897027932278585,0.5,,2023-02-16 03:09:24,2023-02-16 03:00:17.690629,546.309371
ingv,ECPN,sim4,template3,2023-02-16,08:54:48,0.5124359903440299,1.26121202692602,2.015762070611858,0.5,,2023-02-16 08:54:48,2023-02-16 08:47:09.402263,458.597737
ingv,ECPN,sim3,template3,2023-02-16,08:56:28,0.5736582695536985,1.2476698230659748,1.9219934217942265,0.5,,2023-02-16 08:56:28,2023-02-16 08:47:09.402263,558.597737
ingv,ECPN,sim2,template2,2023-02-16,14:32:44,0.5063551227504229,1.1485625675912603,1.203093164665358,0.5,,2023-02-16 14:32:44,2023-02-16 14:40:29.302801,-465.302801
ingv,ECPN,sim2,template3,2023-02-16,15:38:50,0.5112641092644638,1.119746432909198,0.982393752402483,0.5,,2023-02-16 15:38:50,2023-02-16 15:46:59.923916,-489.923916
ingv,ECPN,sim3,template1,2023-02-19,14:38:11,0.6121935199025331,1.3784333094324015,2.787715183284373,0.5,,2023-02-19 14:38:11,2023-02-19 14:30:56.199358,434.800642
ingv,ECPN,sim1,template3,2023-02-20,02:43:37,0.5417818189507055,1.1987761880647785,1.574762154695068,0.5,,2023-02-20 02:43:37,2023-02-20 02:33:59.165984,577.834016
experiment,ECOR,sim2,template1,2023-07-24,12:12:02,0.6144259052760306,1.5058362681945556,3.555555059002724,0.5,,2023-07-24 12:12:02,2023-07-24 12:04:06.347176,475.652824
experiment,ECOR,sim1,template2,2023-07-24,19:30:29,0.522492296931799,1.006049468208574,0.0523867166211948,0.5,,2023-07-24 19:30:29,2023-07-24 19:38:36.090939,-487.090939
experiment,EC1,sim4,template3,2023-07-27,10:28:56,0.5524339549716607,1.0213043607592738,0.1831037251931647,0.5,,2023-07-27 10:28:56,2023-07-27 10:21:10.069133,465.930867
experiment,EC1,sim4,template3,2023-07-27,16:03:03,0.5006677768756006,0.6922404066604356,-3.194861083285318,0.5,,2023-07-27 16:03:03,2023-07-27 15:53:20.478359,582.521641
experiment,EC10,sim2,template1,2023-07-29,09:04:44,0.5131610988104052,1.1264505934143494,1.0342429628646812,0.5,,2023-07-29 09:04:44,2023-07-29 08:54:44.241892,599.758108
experiment,EC1,sim2,template2,2023-07-29,11:22:17,0.5828222557072706,0.9874906896468084,-0.1093398067708424,0.5,,2023-07-29 11:22:17,2023-07-29 11:14:56.481615,440.518385
experiment,EC1,sim1,template2,2023-07-30,19:47:26,0.5714042418169901,0.947836720824094,-0.4653293999163307,0.5,,2023-07-30 19:47:26,2023-07-30 19:57:18.243137,-592.243137
experiment,ECIT,sim1,template3,2023-07-31,12:23:10,0.5284750787533937,0.9607336977626726,-0.3479395227894624,0.5,,2023-07-31 12:23:10,2023-07-31 12:13:18.487134,591.512866
experiment,ECOR,sim4,template3,2023-08-02,14:48:50,0.5375807908889791,0.9140446661820314,-0.7806516257519698,0.5,,2023-08-02 14:48:50,2023-08-02 14:40:04.573352,525.426648
experiment,EMAS,sim2,template2,2023-08-02,21:11:04,0.5094024727478568,1.5344664408214237,3.7191478947775294,0.5,,2023-08-02 21:11:04,2023-08-02 21:21:01.905808,-597.905808
