dataset,station,sim,template,n_peaks,avg_corr,avg_snr_linear,sst_label
ingv,ECPN,sim1,template3,2361,0.32934378869094777,1.1081702764980468,ECPN-sim1-template3
ingv,ECPN,sim4,template1,2119,0.34269884782076626,1.0483985020258164,ECPN-sim4-template1
ingv,ECPN,sim3,template1,2096,0.3296738488723991,1.1332738215399087,ECPN-sim3-template1
ingv,ECPN,sim1,template2,2095,0.3029386026814815,1.2135770363311127,ECPN-sim1-template2
ingv,ECPN,sim2,template1,2088,0.32749547699187626,1.0584222595958457,ECPN-sim2-template1
ingv,EC1,sim1,template3,2084,0.3167994229599647,1.198592641257395,EC1-sim1-template3
ingv,ECPN,sim1,template1,2017,0.29696700565433565,1.1334773131896052,ECPN-sim1-template1
ingv,ECPN,sim4,template2,2003,0.3328434592757891,1.1512827417414238,ECPN-sim4-template2
ingv,ECPN,sim2,template2,1991,0.3206976281313349,1.230329403499478,ECPN-sim2-template2
ingv,EC1,sim1,template1,1910,0.30194365824037106,1.1909985464477286,EC1-sim1-template1
ingv,ECPN,sim2,template3,1895,0.3214551542404179,1.246173584212152,ECPN-sim2-template3
ingv,ECPN,sim4,template3,1894,0.3290657067732651,1.163942215378515,ECPN-sim4-template3
ingv,ECPN,sim3,template2,1869,0.33088764660653786,1.160963543847994,ECPN-sim3-template2
ingv,ECPN,sim3,template3,1836,0.3311452741971451,1.1690291429906812,ECPN-sim3-template3
ingv,EC1,sim1,template2,1780,0.2937874036447913,1.2375183267642063,EC1-sim1-template2
ingv,EC1,sim2,template1,1656,0.30093689168515103,1.0573969572201167,EC1-sim2-template1
ingv,EC1,sim3,template1,1642,0.2980162839314982,1.09597010846698,EC1-sim3-template1
ingv,EC1,sim4,template1,1590,0.2976008679929469,1.0600545623664919,EC1-sim4-template1
ingv,EC1,sim3,template3,1588,0.2910394072919379,1.1711349393283756,EC1-sim3-template3
ingv,EC1,sim2,template2,1539,0.292023268418797,1.117574223079861,EC1-sim2-template2
ingv,EC1,sim3,template2,1502,0.29304993483229524,1.17756267417743,EC1-sim3-template2
ingv,EC1,sim2,template3,1389,0.2865693344340445,1.1939008991179787,EC1-sim2-template3
ingv,EC1,sim4,template2,1334,0.28840706020421236,1.201564754862197,EC1-sim4-template2
ingv,EC1,sim4,template3,1269,0.2809536092798022,1.2197314665334456,EC1-sim4-template3
ingv,ECPN,sim3,template4,727,0.25436084160944933,1.3637998798679252,ECPN-sim3-template4
ingv,ECPN,sim4,template4,716,0.2520951459947251,1.3685391455231528,ECPN-sim4-template4
ingv,ECPN,sim2,template4,673,0.2457769474372293,1.3393453101583954,ECPN-sim2-template4
ingv,EC1,sim1,template4,447,0.23527046839676963,1.3794757207845554,EC1-sim1-template4
ingv,EC1,sim3,template4,446,0.23499782831608484,1.1858096935791382,EC1-sim3-template4
ingv,ECPN,sim1,template4,428,0.2330972662039538,1.1210850770071654,ECPN-sim1-template4
ingv,EC1,sim2,template4,368,0.23197478726460066,1.2409399674083965,EC1-sim2-template4
experiment,EMAS,sim1,template2,291,0.3097128345198378,1.0177150072486674,EMAS-sim1-template2
experiment,EMAS,sim1,template1,281,0.30575972164327464,1.0244260383772859,EMAS-sim1-template1
experiment,ECIT,sim3,template1,281,0.32375931160928517,0.9858102728811291,ECIT-sim3-template1
experiment,ECOR,sim1,template3,275,0.29843874000145393,0.9771207629962608,ECOR-sim1-template3
experiment,ECIT,sim1,template1,275,0.3064196180919671,0.9968147554511998,ECIT-sim1-template1
experiment,EMAS,sim2,template3,275,0.29254997669384486,1.011460925948871,EMAS-sim2-template3
experiment,EC1,sim1,template3,270,0.3293601796351028,0.9936380336669909,EC1-sim1-template3
experiment,ECIT,sim1,template3,270,0.31993936111427906,0.9932247743113835,ECIT-sim1-template3
experiment,ECOR,sim2,template1,269,0.3355712683995706,0.9943416046571361,ECOR-sim2-template1
experiment,ECIT,sim2,template1,266,0.31970561324583646,0.9915233275450969,ECIT-sim2-template1
experiment,ECOR,sim3,template1,265,0.33012004028209896,0.9960967411880883,ECOR-sim3-template1
experiment,EC1,sim1,template1,261,0.30744929064904836,0.9951095471349987,EC1-sim1-template1
experiment,ECOR,sim1,template2,254,0.2920418710455787,1.0246168853184263,ECOR-sim1-template2
experiment,ECOR,sim1,template1,252,0.3044863449276593,1.0084751525043756,ECOR-sim1-template1
ingv,EC1,sim4,template4,247,0.23405580328168973,1.8467374822158884,EC1-sim4-template4
experiment,ECIT,sim1,template2,247,0.29646656999936805,0.984705828720414,ECIT-sim1-template2
experiment,EMAS,sim2,template2,246,0.28831463184149847,0.9651904237460456,EMAS-sim2-template2
experiment,EC1,sim1,template2,244,0.29573481432109455,0.975220127537639,EC1-sim1-template2
experiment,EC10,sim1,template3,240,0.32333963100497415,0.9986124268475245,EC10-sim1-template3
experiment,EMAS,sim1,template3,238,0.29838353687458474,0.9567226119004971,EMAS-sim1-template3
experiment,EMAS,sim3,template1,233,0.2914654653067559,0.9582195244386434,EMAS-sim3-template1
experiment,EC1,sim2,template1,232,0.3112698776055699,0.9885783655810377,EC1-sim2-template1
experiment,ECOR,sim4,template1,231,0.3021693513621799,1.002820295754589,ECOR-sim4-template1
experiment,EMAS,sim2,template1,226,0.2932735150920679,0.9386340683531464,EMAS-sim2-template1
experiment,EC1,sim3,template1,223,0.30261032976151003,0.9910826450043364,EC1-sim3-template1
experiment,EC1,sim3,template3,223,0.30464559031114163,0.9905364775100374,EC1-sim3-template3
experiment,EC1,sim2,template2,221,0.29760644966814903,0.9997347306963963,EC1-sim2-template2
experiment,EMAS,sim3,template2,220,0.29628407707509735,0.9992550496374067,EMAS-sim3-template2
experiment,EMAS,sim4,template1,220,0.29761087781518697,0.9649641541202876,EMAS-sim4-template1
experiment,EC1,sim4,template1,217,0.30955568434090386,0.9993856499752308,EC1-sim4-template1
experiment,ECIT,sim4,template1,216,0.30620347507703327,0.9915558173022101,ECIT-sim4-template1
experiment,EC10,sim1,template1,216,0.301360334337398,1.0026896448881144,EC10-sim1-template1
experiment,ECOR,sim3,template2,211,0.29145436670338426,1.0238613546395334,ECOR-sim3-template2
experiment,EC1,sim3,template2,210,0.30572547802542327,0.9990339799217225,EC1-sim3-template2
experiment,EC10,sim1,template2,210,0.2973096073114043,1.019917135838795,EC10-sim1-template2
experiment,EC10,sim2,template1,202,0.30186552661231414,0.9810936837972375,EC10-sim2-template1
experiment,ECIT,sim3,template3,202,0.2905836437955107,0.981210883215354,ECIT-sim3-template3
experiment,EMAS,sim3,template3,202,0.2967931699350973,1.000205571206369,EMAS-sim3-template3
experiment,ECIT,sim2,template2,201,0.297680467314239,0.9876803472951838,ECIT-sim2-template2
experiment,ECIT,sim3,template2,198,0.2960146090180812,0.9828615837644322,ECIT-sim3-template2
experiment,ECIT,sim4,template2,196,0.29097504566826554,0.9725948688229948,ECIT-sim4-template2
experiment,ECOR,sim2,template2,195,0.29336450322396357,1.0179860965466432,ECOR-sim2-template2
experiment,ECOR,sim4,template2,192,0.2937250923332994,1.0086408307017456,ECOR-sim4-template2
experiment,ECOR,sim4,template3,190,0.2975459948643359,1.0503057579154724,ECOR-sim4-template3
experiment,EC1,sim4,template2,189,0.30186641637924777,0.998419392336007,EC1-sim4-template2
experiment,ECOR,sim2,template3,188,0.2746828130598481,1.0329987213588656,ECOR-sim2-template3
experiment,EC1,sim2,template3,187,0.28938224819564984,0.9814850878514902,EC1-sim2-template3
experiment,ECIT,sim2,template3,186,0.29279112579727845,0.9875836486853298,ECIT-sim2-template3
experiment,EC1,sim4,template3,185,0.30116374123660355,1.0080542735361762,EC1-sim4-template3
experiment,EC10,sim4,template1,184,0.29681094904803534,1.0108712251813587,EC10-sim4-template1
experiment,EC10,sim3,template1,183,0.29662919746043914,1.0061032559597327,EC10-sim3-template1
experiment,ECOR,sim3,template3,179,0.28733465688579135,1.0178184695946566,ECOR-sim3-template3
experiment,EMAS,sim4,template2,178,0.29607922219416044,0.9819568971286652,EMAS-sim4-template2
experiment,EC10,sim2,template2,166,0.2881311493726219,1.0402206071429692,EC10-sim2-template2
experiment,EMAS,sim4,template3,166,0.2896557767158024,0.9870622020436202,EMAS-sim4-template3
experiment,ECIT,sim4,template3,164,0.29100828206600476,0.993632132331762,ECIT-sim4-template3
experiment,EC10,sim4,template2,161,0.28829958934598465,1.0334113502151263,EC10-sim4-template2
experiment,EC10,sim2,template3,161,0.2844671948306815,1.0479995454193238,EC10-sim2-template3
experiment,EC10,sim3,template2,153,0.2874642147909504,1.0370375200742905,EC10-sim3-template2
experiment,EC10,sim3,template3,145,0.28744516536567183,1.0334204630166415,EC10-sim3-template3
experiment,EC10,sim4,template3,144,0.27748821602465507,1.0421908975957632,EC10-sim4-template3
experiment,EMAS,sim1,template4,86,0.2262075562684218,0.9729270437131267,EMAS-sim1-template4
experiment,ECIT,sim1,template4,75,0.23356278825905155,0.9762949786527031,ECIT-sim1-template4
experiment,EC1,sim3,template4,70,0.2407799958551989,1.0670957539035304,EC1-sim3-template4
experiment,EC1,sim1,template4,64,0.22635219840443116,1.0279223786955178,EC1-sim1-template4
experiment,ECOR,sim1,template4,64,0.24312986236023704,1.0102944745640572,ECOR-sim1-template4
experiment,ECIT,sim2,template4,53,0.23636569107899263,1.073378129524379,ECIT-sim2-template4
experiment,EMAS,sim2,template4,53,0.24869576848293437,0.9259343990717915,EMAS-sim2-template4
experiment,EC1,sim2,template4,49,0.2341323448493412,1.0241044867377551,EC1-sim2-template4
experiment,EC10,sim1,template4,48,0.23446338811744127,1.0111274331176106,EC10-sim1-template4
experiment,EMAS,sim3,template4,46,0.2379759619210042,0.9650693771024655,EMAS-sim3-template4
experiment,ECIT,sim3,template4,45,0.228865500131433,0.9990487999290988,ECIT-sim3-template4
experiment,EC1,sim4,template4,43,0.24807391145569238,1.110381251710949,EC1-sim4-template4
experiment,EC10,sim2,template4,40,0.23270756513384408,1.0296564717261787,EC10-sim2-template4
experiment,EMAS,sim4,template4,40,0.2367583995380656,1.0203064259474608,EMAS-sim4-template4
experiment,ECIT,sim4,template4,34,0.24786367064425285,0.9930108916832462,ECIT-sim4-template4
experiment,ECOR,sim4,template4,33,0.23636394009211292,0.9727518678747303,ECOR-sim4-template4
experiment,EC10,sim3,template4,33,0.22670942128241192,1.0160046816116681,EC10-sim3-template4
experiment,ECOR,sim3,template4,30,0.23085345561452647,1.0198912012502508,ECOR-sim3-template4
experiment,EC10,sim4,template4,22,0.2325784805635845,1.1163271754073998,EC10-sim4-template4
experiment,ECOR,sim2,template4,21,0.22562767646089296,0.8688659202095846,ECOR-sim2-template4
